Name,Padlock
Slc17a7,GGACGTAAAGAAGCGCCTCCTCCCTACACGACGCTCTTCCGATCTGCTCGGCTGGCATTCCTGCTGAACCGCTCTTCCGAGCTCGGCTGGATGATGGCATAGACGGGCAT
Gad1,TCAGCTACTGACAGAGCTGTTCCCTACACGACGCTCTTCCGATCTGCTGGTGCGCCATTCCTGCTGAACCGCTCTTCCGAGCTGGTGCGCAGTGAGATGGCCTAGATGTG
Gad2,TACAGTCATACTGAGGATCATCCCTACACGACGCTCTTCCGATCTTGGCCGGCGTCATTCCTGCTGAACCGCTCTTCCGATGGCCGGCGTAGACAGCAAGGGCCCAAAGC
Lhx6,GTGGGTAGAGCTGGCTCTGTTCCCTACACGACGCTCTTCCGATCTTGCGGGCGGCCATTCCTGCTGAACCGCTCTTCCGATGCGGGCGGCGTTGGCCTCTGCTCTTAGGA
Adarb2,CACTAGAGAGGCCCTTGGAATCCCTACACGACGCTCTTCCGATCTCCTGGGGTGCCATTCCTGCTGAACCGCTCTTCCGACCTGGGGTGCCTGGTGAGACTTGATCACAC
Lamp5,AGCACCCAGGATGCAGGAGCTCCCTACACGACGCTCTTCCGATCTCGTGCCCGGGCATTCCTGCTGAACCGCTCTTCCGACGTGCCCGGGCCGCCGCACACTGCAGAGGA
Vip,CTTGACACATCATAATAGGGTCCCTACACGACGCTCTTCCGATCTGGTCGGTCGTCATTCCTGCTGAACCGCTCTTCCGAGGTCGGTCGTCATCAGCATGCCTGGCATTT
Pax6,GCCAAGAGCTGGAGGTGGGATCCCTACACGACGCTCTTCCGATCTTGCTGTGGTGCATTCCTGCTGAACCGCTCTTCCGATGCTGTGGTGGCCCTTGGTTAAAGTCTTCT
Pvalb,TCCTTTGACTTATCTCACTTTCCCTACACGACGCTCTTCCGATCTGGCGCGGTGCCATTCCTGCTGAACCGCTCTTCCGAGGCGCGGTGCCAGGAGATATCGGGGCGTTG
Sst,GCCTGGGGCAAATCCTCGGGTCCCTACACGACGCTCTTCCGATCTGTTCGGGGCGCATTCCTGCTGAACCGCTCTTCCGAGTTCGGGGCGTCATCTCGTCCTGCTCAGCT
Npy,GGTGGAAACTTGGAAAAGTCTCCCTACACGACGCTCTTCCGATCTTGCCTGGGGTCATTCCTGCTGAACCGCTCTTCCGATGCCTGGGGTAGGGGATGAGATGAGATGAG
Cux2,TTTGGTTGGCTGAGACCTCCTCCCTACACGACGCTCTTCCGATCTTGGGGCCCGCCATTCCTGCTGAACCGCTCTTCCGATGGGGCCCGCCTGCCGCTCCAGGTCAGCGA
Plcxd2,GCCTCCTCCATGGTGTCATATCCCTACACGACGCTCTTCCGATCTCCTGGCGCGGCATTCCTGCTGAACCGCTCTTCCGACCTGGCGCGGTTCCCACGCATCCTGTGTCA
Pcp4,GTATTGAGTGAGGATGACTTTCCCTACACGACGCTCTTCCGATCTCGCTCTGGGGCATTCCTGCTGAACCGCTCTTCCGACGCTCTGGGGTCAGGTTTGTAGCAGGGTGT
Ctgf,GGCTTTACGCCATGTCTCCGTCCCTACACGACGCTCTTCCGATCTGCTGGCTTGGCATTCCTGCTGAACCGCTCTTCCGAGCTGGCTTGGGTTCGTGTCCCTTACTTCCT
Sulf2,CAAGGATGTAGCACCGATGGTCCCTACACGACGCTCTTCCGATCTCGTGGGTCCGCATTCCTGCTGAACCGCTCTTCCGACGTGGGTCCGGCACTGGACTGTGTCATTCT
Rorb,TACAGATGTGAGGTCATAGATCCCTACACGACGCTCTTCCGATCTGGTGTGGCCCCATTCCTGCTGAACCGCTCTTCCGAGGTGTGGCCCCTATAGGTAAACAAGTTGGG
Ndst4,GGTCTATGAGGATAGTAATGTCCCTACACGACGCTCTTCCGATCTGCGCTCGGTGCATTCCTGCTGAACCGCTCTTCCGAGCGCTCGGTGAGAATATGCCCTGTCCGAGG
Nov,GTGGGACAACTTCATTATGTTCCCTACACGACGCTCTTCCGATCTCTGGGGCTGCCATTCCTGCTGAACCGCTCTTCCGACTGGGGCTGCATATGATCACAGCAACATAC
Slc1a3,AGATGGATACATTGTAGAACTCCCTACACGACGCTCTTCCGATCTTCGTCGGGGTCATTCCTGCTGAACCGCTCTTCCGATCGTCGGGGTCTGGGAAAGTGAGCCCAGGG
Mgp,CAGCGTTGTAGCCGTAGACCTCCCTACACGACGCTCTTCCGATCTGGTGCTCGGCCATTCCTGCTGAACCGCTCTTCCGAGGTGCTCGGCCCTGAAGTAGCGGTTGTAGG
Aqp4,TCAGGACAGAAGACATACTCTCCCTACACGACGCTCTTCCGATCTGGGCCGCTCGCATTCCTGCTGAACCGCTCTTCCGAGGGCCGCTCGGGCGACGTTTGAGCTCCACA
Actb,CATGATGGAATTGAATGTAGTCCCTACACGACGCTCTTCCGATCTCGCCGGGGGGCATTCCTGCTGAACCGCTCTTCCGACGCCGGGGGGCGGATGTCAACGTCACACTT
Gapdh,TTGATGTTAGTGGGGTCTCGTCCCTACACGACGCTCTTCCGATCTTGCGGGTCGGCATTCCTGCTGAACCGCTCTTCCGATGCGGGTCGGCAGCACCGGCCTCACCCCAT
Snap25,ACAAAGCCCGCAGAATTTTCTCCCTACACGACGCTCTTCCGATCTTTGGCGCCGGCATTCCTGCTGAACCGCTCTTCCGATTGGCGCCGGAGCTTGTTACAGGGACACAC
Foxp2,TTGCAGCTGTAGCCTTTGACTCCCTACACGACGCTCTTCCGATCTTGGGGCGCCGCATTCCTGCTGAACCGCTCTTCCGATGGGGCGCCGTGGTTAGAGTTGGCTTTGGT
Pdgfra,AGGCTGGCCGATCGTACAGCTCCCTACACGACGCTCTTCCGATCTGTCGCTGGGCCATTCCTGCTGAACCGCTCTTCCGAGTCGCTGGGCCATGGATTTCTTCTTGTAGG
Mog,GGAGAACGGTACCAACCCACTCCCTACACGACGCTCTTCCGATCTGCGCGGGGGCCATTCCTGCTGAACCGCTCTTCCGAGCGCGGGGGCGGTGAACCACTCTTGAGAAG
Itgam,CTCACTGAGTCGTCCACGCATCCCTACACGACGCTCTTCCGATCTCGGGGTTTTGCATTCCTGCTGAACCGCTCTTCCGACGGGGTTTTGTGAGGCGCAGGATGATGGGG
Flt1,GAGCAGGTCAGTGCATGCAGTCCCTACACGACGCTCTTCCGATCTGCGGGCGGCGCATTCCTGCTGAACCGCTCTTCCGAGCGGGCGGCGTTTCCTCCATAAGAGAGACA
Bgn,TAGCTGGGATTGACAGGTAGTCCCTACACGACGCTCTTCCGATCTTTCTGGTGGGCATTCCTGCTGAACCGCTCTTCCGATTCTGGTGGGGAGTTAGTACAGCCAGGTTG
Cdh13,CATTCACTGTCAGCAGCACATCCCTACACGACGCTCTTCCGATCTCGGGTGCGCCCATTCCTGCTGAACCGCTCTTCCGACGGGTGCGCCCAGGGAGTCTGGGTCTGTGG
Ctsd,CAGCTCCTTCACCTCTTCCATCCCTACACGACGCTCTTCCGATCTGCCGGGTCTGCATTCCTGCTGAACCGCTCTTCCGAGCCGGGTCTGACTGCCCCGATGGCCTTCTG
Cst3,TCCTCATTGGCATCTGCCTCTCCCTACACGACGCTCTTCCGATCTGTGGGCGCGGCATTCCTGCTGAACCGCTCTTCCGAGTGGGCGCGGCCAACGCTCGCCGCACGCCT
Apoe,TGCTGGGTCTGTTCCTCCATTCCCTACACGACGCTCTTCCGATCTCCGGGGCGCGCATTCCTGCTGAACCGCTCTTCCGACCGGGGCGCGTCTCCGCCTGCAGGCGTATT
Gfap,CTGGAGGTTGGAGAAAGTCTTCCCTACACGACGCTCTTCCGATCTTGCCCGGGCGCATTCCTGCTGAACCGCTCTTCCGATGCCCGGGCGTCCAGGCTGGTTTCTCGGAT
Plp1,GCAAACACCAGGAGCCATACTCCCTACACGACGCTCTTCCGATCTTGCCGCGTGGCATTCCTGCTGAACCGCTCTTCCGATGCCGCGTGGACACAGGTACAGCCGAGCAG
Mbp,CCCTTGGGATGGAGGTGGTGTCCCTACACGACGCTCTTCCGATCTGCGTCCGGGGCATTCCTGCTGAACCGCTCTTCCGAGCGTCCGGGGCGGCTGTCTCTTCCTCCCTT
Cnp,GACGTGAGCTCGGCTCCCTGTCCCTACACGACGCTCTTCCGATCTGCTCTGGGGTCATTCCTGCTGAACCGCTCTTCCGAGCTCTGGGGTTCGGCCGCACAGCCTAGGGT
App,TGTCTCTACAAGCTGCTGTCTCCCTACACGACGCTCTTCCGATCTCGCTGGGCGCCATTCCTGCTGAACCGCTCTTCCGACGCTGGGCGCGCTTCAACTCTGGCCATGTG
Olig2,GCGGCTGTTGATCTTCAGGCTCCCTACACGACGCTCTTCCGATCTGGGCGTGCCCCATTCCTGCTGAACCGCTCTTCCGAGGGCGTGCCCTCGTGCATGCGCTTGCGTTC
Tyrobp,ACAGTCGCATCTTGGGAAAGTCCCTACACGACGCTCTTCCGATCTTGGTGTCGGGCATTCCTGCTGAACCGCTCTTCCGATGGTGTCGGGACACCAGGGCTCACGGAAGA
Lpl,GTCTCAAATGAAATACAAAGTCCCTACACGACGCTCTTCCGATCTGGCGCCTTGGCATTCCTGCTGAACCGCTCTTCCGAGGCGCCTTGGCAGAGGCATGGCGGAGATGA
Trem2,CATGCAGGCTGGATTGACTCTCCCTACACGACGCTCTTCCGATCTGCCGGTCGGGCATTCCTGCTGAACCGCTCTTCCGAGCCGGTCGGGCTTGGTGGAGGAGGGGAGAG
Psen1_human,tttgttatagtcaaagaagaTCCCTACACGACGCTCTTCCGATCTGGGCCTCCGGCATTCCTGCTGAACCGCTCTTCCGAGGGCCTCCGGcacctttgtcctccccagat
App_human,gatccgccgcgtccttgctcTCCCTACACGACGCTCTTCCGATCTTGGGCCCTGGCATTCCTGCTGAACCGCTCTTCCGATGGGCCCTGGgtgcgctgctgtgcgagtgg
Reln,ATCTTGTAGCGTTGGTTTGGTCCCTACACGACGCTCTTCCGATCTGGGCGCTGTCCATTCCTGCTGAACCGCTCTTCCGAGGGCGCTGTCGTACGGTTGCCAGAGTCTGA
Calb1,GCTTCATCGAAACCGAGGAATCCCTACACGACGCTCTTCCGATCTTGTGTGTGGCCATTCCTGCTGAACCGCTCTTCCGATGTGTGTGGCGTATGATACTGACCACAGCG
Slc14a1,AGCAGCGTGCAGGCACATGATCCCTACACGACGCTCTTCCGATCTTTGGGGTGGCCATTCCTGCTGAACCGCTCTTCCGATTGGGGTGGCACACCCAGCAACGATCCAAT
Vxn,CGGTGAAAGCTCCAGCAGGGTCCCTACACGACGCTCTTCCGATCTCTGTGCGTGGCATTCCTGCTGAACCGCTCTTCCGACTGTGCGTGGTCCTCCAGTGGCTAGGATCT
Calb2,GCCCACGTGCTGCCTGAAGCTCCCTACACGACGCTCTTCCGATCTGGCGGGCTCGCATTCCTGCTGAACCGCTCTTCCGAGGCGGGCTCGTCCATAAACTCAGCGCTGGA
Penk,CGGAGGAGTTGGCCAAGGTGTCCCTACACGACGCTCTTCCGATCTGGCCCGGTTGCATTCCTGCTGAACCGCTCTTCCGAGGCCCGGTTGCAGTAGCTCTTTCAGCAGAT
Rgs4,GCACACCCTGAGCACCCAGGTCCCTACACGACGCTCTTCCGATCTCGCGGTGTGGCATTCCTGCTGAACCGCTCTTCCGACGCGGTGTGGACCAACCCAGCTGCTAATCA
Rprm,TCCGTGATGGTGAGGGGTGCTCCCTACACGACGCTCTTCCGATCTTCTGGGGTCGCATTCCTGCTGAACCGCTCTTCCGATCTGGGGTCGGACAGGTTTGCGTTGCTCGG
Slc24a2,CGTAAAGAAACGATGGAACATCCCTACACGACGCTCTTCCGATCTGTGCTGTGCGCATTCCTGCTGAACCGCTCTTCCGAGTGCTGTGCGGAGTGACTGCTTCCAAGTAG
Wfs1,AGATCACCGTGGTGACCATGTCCCTACACGACGCTCTTCCGATCTGTCGTGGCGCCATTCCTGCTGAACCGCTCTTCCGAGTCGTGGCGCGAAAAGCAGGGGTACGCCGC
Crym,ACGGTGCGCACTGGCTGCATTCCCTACACGACGCTCTTCCGATCTGGGCGCGCTTCATTCCTGCTGAACCGCTCTTCCGAGGGCGCGCTTGGTGCTTGGCTACAGGCACC
Gda,CCTCAAGCACGTTCAGTAAGTCCCTACACGACGCTCTTCCGATCTGGGTCCCGCGCATTCCTGCTGAACCGCTCTTCCGAGGGTCCCGCGCTTCACTTTATGCTTCAGGA
Bcl11b,CCAACAGCTCCGGCATCACCTCCCTACACGACGCTCTTCCGATCTGTGTGGGGTCCATTCCTGCTGAACCGCTCTTCCGAGTGTGGGGTCGTGCACCCGCGTCCCCACAG
Cck,TCCCGGTCACTTATTCTATGTCCCTACACGACGCTCTTCCGATCTCTTGGTTGGGCATTCCTGCTGAACCGCTCTTCCGACTTGGTTGGGAATCCATCCAGCCCATGTAG
Fam19a1,CCGTTCTAACCTCTTCCAGGTCCCTACACGACGCTCTTCCGATCTGTGCGCTTGGCATTCCTGCTGAACCGCTCTTCCGAGTGCGCTTGGATTCGATTGATATATAATAA
Rab3c,ACAAATGGTGCACAGCAAAATCCCTACACGACGCTCTTCCGATCTGTGTGCTGTGCATTCCTGCTGAACCGCTCTTCCGAGTGTGCTGTGCTTTTAAGTAAGACGTGGTC
Synpr,ATAAAGTCAATGAGTGGGCCTCCCTACACGACGCTCTTCCGATCTGTGTTGTCGGCATTCCTGCTGAACCGCTCTTCCGAGTGTTGTCGGATGAAAAGACTACAGTGACG
Cort,GTAGCGAGCATTACTGAAACTCCCTACACGACGCTCTTCCGATCTGCGGGTGCTGCATTCCTGCTGAACCGCTCTTCCGAGCGGGTGCTGCCTTAGTTGACCTGTTGTCG
Enpp2,CTGCCCCACGGTCTTGTCAATCCCTACACGACGCTCTTCCGATCTTCGTGGGGCGCATTCCTGCTGAACCGCTCTTCCGATCGTGGGGCGTGTTTCAGTCCGTCCATTAA
Rasgrf2,TCAACCGCTCCAAGAGGCGCTCCCTACACGACGCTCTTCCGATCTTCTTTGGGGGCATTCCTGCTGAACCGCTCTTCCGATCTTTGGGGGGCTCAGAAACCGCAAGTCCG
Nr4a2,GCGTTGTCACCGCAAACAGCTCCCTACACGACGCTCTTCCGATCTCTGGTGGGGTCATTCCTGCTGAACCGCTCTTCCGACTGGTGGGGTCACCGTAGTGCTGACAGGCC
Fos,ACCTGCCTGCAAGATCCCCGTCCCTACACGACGCTCTTCCGATCTGTTGGCGGGCCATTCCTGCTGAACCGCTCTTCCGAGTTGGCGGGCTTTATTTTGGCAGCCCACCG
Lyz2,GCCATGCCACCCATGCTCGATCCCTACACGACGCTCTTCCGATCTGTCGGTTCGGCATTCCTGCTGAACCGCTCTTCCGAGTCGGTTCGGTCGGTTTTGACAGTGTGCTC
B2m,CACGCCACCCACCGGAGAATTCCCTACACGACGCTCTTCCGATCTGCGGTCGCGCCATTCCTGCTGAACCGCTCTTCCGAGCGGTCGCGCCCCTCAAATTCAAGTATACT
Mobp,TCCTCGCTCTGGTCTGCCTCTCCCTACACGACGCTCTTCCGATCTGTGGCGTGTTCATTCCTGCTGAACCGCTCTTCCGAGTGGCGTGTTCGCGGGGCTGAGTTTCCGTC
Cldn11,CGAGCCTGGAGTGGCCAAGTTCCCTACACGACGCTCTTCCGATCTGTCGTGCGTGCATTCCTGCTGAACCGCTCTTCCGAGTCGTGCGTGCCCTGCATCCGAATGGGCCA
Apod,CGCTTGATCTGTTGTTGTCATCCCTACACGACGCTCTTCCGATCTGTTCTGGCGGCATTCCTGCTGAACCGCTCTTCCGAGTTCTGGCGGTACAGGAAGTCCGGGCAGTT
Trf,CCCTCCGGGCACACGCCTTCTCCCTACACGACGCTCTTCCGATCTCTTTGGGGGGCATTCCTGCTGAACCGCTCTTCCGACTTTGGGGGGCTGGCGAGTTGTCGATCGAG
Fth1,CCCAGAGTCGCCGCGGTTTCTCCCTACACGACGCTCTTCCGATCTGGCGTCGCGTCATTCCTGCTGAACCGCTCTTCCGAGGCGTCGCGTTCCTGCGCCAGACGTTCTCG
Plekhb1,CCTGATACGGGCTGTAGACGTCCCTACACGACGCTCTTCCGATCTGCGGGGGCCTCATTCCTGCTGAACCGCTCTTCCGAGCGGGGGCCTTGGCACCACCTCATAGTAGT
LING01,GCAGGTGAAGTAGTTGGGTATCCCTACACGACGCTCTTCCGATCTGCCCGGCGCGCATTCCTGCTGAACCGCTCTTCCGAGCCCGGCGCGTCCCGGATGTGGGCCCGGCG
CRYAB,CCTTCGGCCACCCTCCTTCCTCCCTACACGACGCTCTTCCGATCTGTGGCGGTCTCATTCCTGCTGAACCGCTCTTCCGAGTGGCGGTCTACTTCCCTGAGCCCCTTCTA
PRNP,AGCAACCAGAACAACTTCGTTCCCTACACGACGCTCTTCCGATCTGCGGGGGTTCCATTCCTGCTGAACCGCTCTTCCGAGCGGGGGTTCACAGGCCAGTGGATCAGTAC
CNTNAP2,AGTGGAGATCGTGGTGAGGTTCCCTACACGACGCTCTTCCGATCTGTGGGCTGCTCATTCCTGCTGAACCGCTCTTCCGAGTGGGCTGCTTTTGATGTTGGAAACGGGCC
ERBIN,TAGCCCACATTTCTCCATGCTCCCTACACGACGCTCTTCCGATCTTCGGCCGCGGCATTCCTGCTGAACCGCTCTTCCGATCGGCCGCGGTAGTCGGTCATTCGGGGAGA
NEGR1,GAGGGTGCAGGTGTGCCGCCTCCCTACACGACGCTCTTCCGATCTGTGCTTGGGTCATTCCTGCTGAACCGCTCTTCCGAGTGCTTGGGTGCAGTGGACTGATACGATGC
BEX1,ATACGGATCTTCCCATGCAATCCCTACACGACGCTCTTCCGATCTGGTTGGTTGCCATTCCTGCTGAACCGCTCTTCCGAGGTTGGTTGCTATTAGGTTCACAATAGGTA
C4b,CGGGGATAATAGCAGGCGAATCCCTACACGACGCTCTTCCGATCTGGCTTTCGGGCATTCCTGCTGAACCGCTCTTCCGAGGCTTTCGGGCCGTGAAGCCATACTCCACT
Prox1,GAATAAGGTGAGATGTCGGATCCCTACACGACGCTCTTCCGATCTCGTCGCGGTGCATTCCTGCTGAACCGCTCTTCCGACGTCGCGGTGCTTCCTGCATTGCGCTTCCT
Crlf1,CGTGGAGGACAGCGTGGACTTCCCTACACGACGCTCTTCCGATCTCGGGTCCGTGCATTCCTGCTGAACCGCTCTTCCGACGGGTCCGTGAAGTACCAGATCCGCTACCG
Spink8,ATGTGGCAGCAACCAAGTGATCCCTACACGACGCTCTTCCGATCTGCGGTCCTGGCATTCCTGCTGAACCGCTCTTCCGAGCGGTCCTGGTTCAAGGTCAGTGAGCCTAT
Plekhg1,CATTGGTGCCAGGATCGCTGTCCCTACACGACGCTCTTCCGATCTGGTCGTCGGTCATTCCTGCTGAACCGCTCTTCCGAGGTCGTCGGTAAGAGGCAAGGAGGGCCCGC
Synpo2,GTACTTCCAACTGGCGGGCATCCCTACACGACGCTCTTCCGATCTGTCCGGGTGTCATTCCTGCTGAACCGCTCTTCCGAGTCCGGGTGTGGTGCTCGGACGTTGGAGGA
Pmch,cagagaaggggcgacaacggTCCCTACACGACGCTCTTCCGATCTTGGCCTGGTGCATTCCTGCTGAACCGCTCTTCCGATGGCCTGGTGtcgtcgtttttgtattgttc
Slc18a2,CTCCATGATGCCTATCATGGTCCCTACACGACGCTCTTCCGATCTGGCGCTGGTGCATTCCTGCTGAACCGCTCTTCCGAGGCGCTGGTGGCCATTGGGATGGTGGACTC
Cd74,CATGGATAACATGCTCCTTGTCCCTACACGACGCTCTTCCGATCTCTGGCTGCGGCATTCCTGCTGAACCGCTCTTCCGACTGGCTGCGGTTGCTGATGCGTCCAATGTC
Ctss,ACGCCAGCCATTCCTCCTTCTCCCTACACGACGCTCTTCCGATCTCCGCCGGGCGCATTCCTGCTGAACCGCTCTTCCGACCGCCGGGCGGCCTGTCTCTGTGGGCATCG
Nfe2l2,TGGCATCATCAGTGGAGAGGTCCCTACACGACGCTCTTCCGATCTGGGCGGCGCTCATTCCTGCTGAACCGCTCTTCCGAGGGCGGCGCTGTCTAAGGAGGTCAGCTGGC
Phyhd1,TGCCTCTGGTTCATCCCTGGTCCCTACACGACGCTCTTCCGATCTTTCGGGGGGTCATTCCTGCTGAACCGCTCTTCCGATTCGGGGGGTATGCCATGCTGGAGAACGGT
S100b,TTCTGCTAGGCTAGGCATTCTCCCTACACGACGCTCTTCCGATCTGGGTTCGGTCCATTCCTGCTGAACCGCTCTTCCGAGGGTTCGGTCTTAAGTTAGCACATCATGAT
Tgfbr2,CCGTCAGGAACTGCAGGATGTCCCTACACGACGCTCTTCCGATCTTGGTTCTGGGCATTCCTGCTGAACCGCTCTTCCGATGGTTCTGGGCTCTGTCTTCCGCTCCTCGG
Vim,CAACCTGGCCGAGGACATCATCCCTACACGACGCTCTTCCGATCTGGTCGCCGCGCATTCCTGCTGAACCGCTCTTCCGAGGTCGCCGCGCGTGTCGAGGTGGAGCGGGA
Gprin3,ccagagacctccttagccccTCCCTACACGACGCTCTTCCGATCTCTGGGTGGTGCATTCCTGCTGAACCGCTCTTCCGACTGGGTGGTGcagcatcttgccaagccctg
Bdnf,ctcatagacatgtttgcggcTCCCTACACGACGCTCTTCCGATCTGGTGCGGTCGCATTCCTGCTGAACCGCTCTTCCGAGGTGCGGTCGggtcggagtggcgccgaacc
Tmem119,ttggggagatgtttcctgggTCCCTACACGACGCTCTTCCGATCTTGGCCGTGGGCATTCCTGCTGAACCGCTCTTCCGATGGCCGTGGGgtcattaagggcgctggaac
Cx3cr1,aggcaaagaccaccaggaggTCCCTACACGACGCTCTTCCGATCTGCGGGCCGGTCATTCCTGCTGAACCGCTCTTCCGAGCGGGCCGGTtggtgtccagaagaggaaga
Gal,tcttctcctttgcaggcatcTCCCTACACGACGCTCTTCCGATCTGGGTCTGGGCCATTCCTGCTGAACCGCTCTTCCGAGGGTCTGGGCgctgttcagggtccaacctc
Olig1,ttttaattgccagggagtggTCCCTACACGACGCTCTTCCGATCTGCCCGCGGGGCATTCCTGCTGAACCGCTCTTCCGAGCCCGCGGGGtggaacacccgcttgggtta
Gpx3,tgccatctggccccaccaggTCCCTACACGACGCTCTTCCGATCTGCGCGGGTCGCATTCCTGCTGAACCGCTCTTCCGAGCGCGGGTCGgtaccagcgcataaccggta
Rasgef1b,tgacacagccctcgttgaggTCCCTACACGACGCTCTTCCGATCTGTGGGGCTTGCATTCCTGCTGAACCGCTCTTCCGAGTGGGGCTTGatggccatttggaagacggt
P2ry12,ggcccggctcccagtttagcTCCCTACACGACGCTCTTCCGATCTGGGCTGCGTGCATTCCTGCTGAACCGCTCTTCCGAGGGCTGCGTGggcacaccaaggttctcaga
Apoc1,tgttccggacaaatccggggTCCCTACACGACGCTCTTCCGATCTCGGGTTGGCGCATTCCTGCTGAACCGCTCTTCCGACGGGTTGGCGttatccggtatgctctccaa
Negative_1_human_BMP4,cgttacctcaagggagtgggTCCCTACACGACGCTCTTCCGATCTGCGGCGTTTGCATTCCTGCTGAACCGCTCTTCCGAGCGGCGTTTGgcatgtcaggattagccgat
Negative_2_human_Sox2,cgtgagcgccctgcagtacaTCCCTCACATCATAGAGGAATCGAGGTTGTGCGGCCATTCAGTAGTCCAATAGAGGAATCGTTGTGCGGCcagcccatgcaccgctacga
